case_file_id,dossier_type,document_state,file_name,file_path
001,estate,done,Doc 8.JPG,C:/Users/acc/archive_project/project_root/data/wells/CaseFile_001/estate/Doc 8.JPG
001,inspection,done,Doc 12.JPG,C:/Users/acc/archive_project/project_root/data/wells/CaseFile_001/inspection/Doc 12.JPG
001,licenses,done,Doc 13.JPG,C:/Users/acc/archive_project/project_root/data/wells/CaseFile_001/licenses/Doc 13.JPG
001,licenses,done,Doc 14.JPG,C:/Users/acc/archive_project/project_root/data/wells/CaseFile_001/licenses/Doc 14.JPG
001,support,done,Doc 6.JPG,C:/Users/acc/archive_project/project_root/data/wells/CaseFile_001/support/Doc 6.JPG
001,support,done,Doc 8.JPG,C:/Users/acc/archive_project/project_root/data/wells/CaseFile_001/support/Doc 8.JPG
002,estate,done,Doc 16.JPG,C:/Users/acc/archive_project/project_root/data/wells/CaseFile_002/estate/Doc 16.JPG
002,inspection,done,Doc 9.JPG,C:/Users/acc/archive_project/project_root/data/wells/CaseFile_002/inspection/Doc 9.JPG
002,licenses,done,Doc 11.JPG,C:/Users/acc/archive_project/project_root/data/wells/CaseFile_002/licenses/Doc 11.JPG
002,licenses,done,Doc 12.JPG,C:/Users/acc/archive_project/project_root/data/wells/CaseFile_002/licenses/Doc 12.JPG
002,support,done,Doc 10.JPG,C:/Users/acc/archive_project/project_root/data/wells/CaseFile_002/support/Doc 10.JPG
002,support,done,Doc 8.JPG,C:/Users/acc/archive_project/project_root/data/wells/CaseFile_002/support/Doc 8.JPG
003,estate,done,Doc 1.JPG,C:/Users/acc/archive_project/project_root/data/wells/CaseFile_003/estate/Doc 1.JPG
003,estate,done,Doc 4.JPG,C:/Users/acc/archive_project/project_root/data/wells/CaseFile_003/estate/Doc 4.JPG
003,inspection,done,Doc 9.JPG,C:/Users/acc/archive_project/project_root/data/wells/CaseFile_003/inspection/Doc 9.JPG
003,licenses,done,Doc 10.JPG,C:/Users/acc/archive_project/project_root/data/wells/CaseFile_003/licenses/Doc 10.JPG
003,licenses,done,Doc 11.JPG,C:/Users/acc/archive_project/project_root/data/wells/CaseFile_003/licenses/Doc 11.JPG
003,support,done,Doc 2.JPG,C:/Users/acc/archive_project/project_root/data/wells/CaseFile_003/support/Doc 2.JPG
003,support,done,Doc 7.JPG,C:/Users/acc/archive_project/project_root/data/wells/CaseFile_003/support/Doc 7.JPG
003,support,done,Doc 8.JPG,C:/Users/acc/archive_project/project_root/data/wells/CaseFile_003/support/Doc 8.JPG
004,estate,done,Doc 4.JPG,C:/Users/acc/archive_project/project_root/data/wells/CaseFile_004/estate/Doc 4.JPG
004,inspection,done,Doc 12.JPG,C:/Users/acc/archive_project/project_root/data/wells/CaseFile_004/inspection/Doc 12.JPG
004,licenses,done,Doc 13.JPG,C:/Users/acc/archive_project/project_root/data/wells/CaseFile_004/licenses/Doc 13.JPG
004,licenses,done,Doc 14.JPG,C:/Users/acc/archive_project/project_root/data/wells/CaseFile_004/licenses/Doc 14.JPG
004,support,done,Doc 10.JPG,C:/Users/acc/archive_project/project_root/data/wells/CaseFile_004/support/Doc 10.JPG
005,inspection,done,Doc 7.JPG,C:/Users/acc/archive_project/project_root/data/wells/CaseFile_005/inspection/Doc 7.JPG
005,licenses,done,Doc 8.JPG,C:/Users/acc/archive_project/project_root/data/wells/CaseFile_005/licenses/Doc 8.JPG
005,licenses,done,Doc 9.JPG,C:/Users/acc/archive_project/project_root/data/wells/CaseFile_005/licenses/Doc 9.JPG
005,support,done,Doc 2.JPG,C:/Users/acc/archive_project/project_root/data/wells/CaseFile_005/support/Doc 2.JPG
005,support,done,Doc 6.JPG,C:/Users/acc/archive_project/project_root/data/wells/CaseFile_005/support/Doc 6.JPG
006,estate,done,Doc 1.JPG,C:/Users/acc/archive_project/project_root/data/wells/CaseFile_006/estate/Doc 1.JPG
006,estate,done,Doc 8.JPG,C:/Users/acc/archive_project/project_root/data/wells/CaseFile_006/estate/Doc 8.JPG
006,inspection,done,Doc 11.JPG,C:/Users/acc/archive_project/project_root/data/wells/CaseFile_006/inspection/Doc 11.JPG
006,licenses,done,Doc 10.JPG,C:/Users/acc/archive_project/project_root/data/wells/CaseFile_006/licenses/Doc 10.JPG
006,licenses,done,Doc 13.JPG,C:/Users/acc/archive_project/project_root/data/wells/CaseFile_006/licenses/Doc 13.JPG
006,licenses,done,Doc 9.JPG,C:/Users/acc/archive_project/project_root/data/wells/CaseFile_006/licenses/Doc 9.JPG
007,estate,done,Doc 2.JPG,C:/Users/acc/archive_project/project_root/data/wells/CaseFile_007/estate/Doc 2.JPG
007,inspection,done,Doc 4.JPG,C:/Users/acc/archive_project/project_root/data/wells/CaseFile_007/inspection/Doc 4.JPG
007,licenses,done,Doc 5.JPG,C:/Users/acc/archive_project/project_root/data/wells/CaseFile_007/licenses/Doc 5.JPG
007,licenses,done,Doc 6.JPG,C:/Users/acc/archive_project/project_root/data/wells/CaseFile_007/licenses/Doc 6.JPG
007,support,done,Doc 1.JPG,C:/Users/acc/archive_project/project_root/data/wells/CaseFile_007/support/Doc 1.JPG
008,inspection,done,Doc 9.JPG,C:/Users/acc/archive_project/project_root/data/wells/CaseFile_008/inspection/Doc 9.JPG
008,licenses,done,Doc 7.JPG,C:/Users/acc/archive_project/project_root/data/wells/CaseFile_008/licenses/Doc 7.JPG
008,licenses,done,Doc 8.JPG,C:/Users/acc/archive_project/project_root/data/wells/CaseFile_008/licenses/Doc 8.JPG
008,support,done,Doc 1.JPG,C:/Users/acc/archive_project/project_root/data/wells/CaseFile_008/support/Doc 1.JPG
008,support,done,Doc 2.JPG,C:/Users/acc/archive_project/project_root/data/wells/CaseFile_008/support/Doc 2.JPG
009,inspection,done,Doc 13.JPG,C:/Users/acc/archive_project/project_root/data/wells/CaseFile_009/inspection/Doc 13.JPG
009,licenses,done,Doc 11.JPG,C:/Users/acc/archive_project/project_root/data/wells/CaseFile_009/licenses/Doc 11.JPG
009,licenses,done,Doc 12.JPG,C:/Users/acc/archive_project/project_root/data/wells/CaseFile_009/licenses/Doc 12.JPG
009,support,done,Doc 1.JPG,C:/Users/acc/archive_project/project_root/data/wells/CaseFile_009/support/Doc 1.JPG
009,support,done,Doc 2.JPG,C:/Users/acc/archive_project/project_root/data/wells/CaseFile_009/support/Doc 2.JPG
009,support,done,Doc 5.JPG,C:/Users/acc/archive_project/project_root/data/wells/CaseFile_009/support/Doc 5.JPG
009,support,done,Doc 9.JPG,C:/Users/acc/archive_project/project_root/data/wells/CaseFile_009/support/Doc 9.JPG
010,inspection,done,Doc 6.JPG,C:/Users/acc/archive_project/project_root/data/wells/CaseFile_010/inspection/Doc 6.JPG
010,licenses,done,Doc 4.JPG,C:/Users/acc/archive_project/project_root/data/wells/CaseFile_010/licenses/Doc 4.JPG
010,licenses,done,Doc 5.JPG,C:/Users/acc/archive_project/project_root/data/wells/CaseFile_010/licenses/Doc 5.JPG
011,inspection,done,Doc 9.JPG,C:/Users/acc/archive_project/project_root/data/wells/CaseFile_011/inspection/Doc 9.JPG
011,licenses,done,Doc 7.JPG,C:/Users/acc/archive_project/project_root/data/wells/CaseFile_011/licenses/Doc 7.JPG
011,licenses,done,Doc 8.JPG,C:/Users/acc/archive_project/project_root/data/wells/CaseFile_011/licenses/Doc 8.JPG
011,support,done,Doc 1.JPG,C:/Users/acc/archive_project/project_root/data/wells/CaseFile_011/support/Doc 1.JPG
011,support,done,Doc 2.JPG,C:/Users/acc/archive_project/project_root/data/wells/CaseFile_011/support/Doc 2.JPG
011,support,done,Doc 4.JPG,C:/Users/acc/archive_project/project_root/data/wells/CaseFile_011/support/Doc 4.JPG
012,estate,done,Doc 8.JPG,C:/Users/acc/archive_project/project_root/data/wells/CaseFile_012/estate/Doc 8.JPG
012,inspection,done,Doc 15.JPG,C:/Users/acc/archive_project/project_root/data/wells/CaseFile_012/inspection/Doc 15.JPG
012,licenses,done,Doc 16.JPG,C:/Users/acc/archive_project/project_root/data/wells/CaseFile_012/licenses/Doc 16.JPG
012,licenses,done,Doc 17.JPG,C:/Users/acc/archive_project/project_root/data/wells/CaseFile_012/licenses/Doc 17.JPG
012,support,done,Doc 1.JPG,C:/Users/acc/archive_project/project_root/data/wells/CaseFile_012/support/Doc 1.JPG
012,support,done,Doc 7.JPG,C:/Users/acc/archive_project/project_root/data/wells/CaseFile_012/support/Doc 7.JPG
013,estate,done,Doc 1.JPG,C:/Users/acc/archive_project/project_root/data/wells/CaseFile_013/estate/Doc 1.JPG
013,inspection,done,Doc 9.JPG,C:/Users/acc/archive_project/project_root/data/wells/CaseFile_013/inspection/Doc 9.JPG
013,licenses,done,Doc 10.JPG,C:/Users/acc/archive_project/project_root/data/wells/CaseFile_013/licenses/Doc 10.JPG
013,licenses,done,Doc 11.JPG,C:/Users/acc/archive_project/project_root/data/wells/CaseFile_013/licenses/Doc 11.JPG
013,support,done,Doc 2.JPG,C:/Users/acc/archive_project/project_root/data/wells/CaseFile_013/support/Doc 2.JPG
014,estate,done,Doc 4.JPG,C:/Users/acc/archive_project/project_root/data/wells/CaseFile_014/estate/Doc 4.JPG
014,inspection,done,Doc 5.JPG,C:/Users/acc/archive_project/project_root/data/wells/CaseFile_014/inspection/Doc 5.JPG
014,licenses,done,Doc 6.JPG,C:/Users/acc/archive_project/project_root/data/wells/CaseFile_014/licenses/Doc 6.JPG
014,licenses,done,Doc 7.JPG,C:/Users/acc/archive_project/project_root/data/wells/CaseFile_014/licenses/Doc 7.JPG
015,estate,done,Doc 4.JPG,C:/Users/acc/archive_project/project_root/data/wells/CaseFile_015/estate/Doc 4.JPG
015,inspection,done,Doc 11.JPG,C:/Users/acc/archive_project/project_root/data/wells/CaseFile_015/inspection/Doc 11.JPG
015,inspection,done,Doc 3.JPG,C:/Users/acc/archive_project/project_root/data/wells/CaseFile_015/inspection/Doc 3.JPG
015,licenses,done,Doc 1.JPG,C:/Users/acc/archive_project/project_root/data/wells/CaseFile_015/licenses/Doc 1.JPG
015,licenses,done,Doc 2.JPG,C:/Users/acc/archive_project/project_root/data/wells/CaseFile_015/licenses/Doc 2.JPG
015,licenses,done,Doc 22.JPG,C:/Users/acc/archive_project/project_root/data/wells/CaseFile_015/licenses/Doc 22.JPG
015,licenses,done,Doc11.JPG,C:/Users/acc/archive_project/project_root/data/wells/CaseFile_015/licenses/Doc11.JPG
016,estate,done,Doc 2.JPG,C:/Users/acc/archive_project/project_root/data/wells/CaseFile_016/estate/Doc 2.JPG
016,estate,done,Doc 3.JPG,C:/Users/acc/archive_project/project_root/data/wells/CaseFile_016/estate/Doc 3.JPG
016,inspection,done,Doc 4.JPG,C:/Users/acc/archive_project/project_root/data/wells/CaseFile_016/inspection/Doc 4.JPG
016,inspection,done,Doc 6.JPG,C:/Users/acc/archive_project/project_root/data/wells/CaseFile_016/inspection/Doc 6.JPG
016,licenses,done,Doc 10.JPG,C:/Users/acc/archive_project/project_root/data/wells/CaseFile_016/licenses/Doc 10.JPG
016,licenses,done,Doc 22.JPG,C:/Users/acc/archive_project/project_root/data/wells/CaseFile_016/licenses/Doc 22.JPG
016,licenses,done,Doc 7.JPG,C:/Users/acc/archive_project/project_root/data/wells/CaseFile_016/licenses/Doc 7.JPG
016,licenses,done,Doc 9.JPG,C:/Users/acc/archive_project/project_root/data/wells/CaseFile_016/licenses/Doc 9.JPG
016,licenses,done,Doc11.JPG,C:/Users/acc/archive_project/project_root/data/wells/CaseFile_016/licenses/Doc11.JPG
016,support,done,Doc 5.JPG,C:/Users/acc/archive_project/project_root/data/wells/CaseFile_016/support/Doc 5.JPG
017,inspection,done,Doc 5.JPG,C:/Users/acc/archive_project/project_root/data/wells/CaseFile_017/inspection/Doc 5.JPG
017,licenses,done,Doc 1.JPG,C:/Users/acc/archive_project/project_root/data/wells/CaseFile_017/licenses/Doc 1.JPG
017,licenses,done,Doc 2.JPG,C:/Users/acc/archive_project/project_root/data/wells/CaseFile_017/licenses/Doc 2.JPG
017,licenses,done,Doc 6.JPG,C:/Users/acc/archive_project/project_root/data/wells/CaseFile_017/licenses/Doc 6.JPG
017,support,done,Doc 13.JPG,C:/Users/acc/archive_project/project_root/data/wells/CaseFile_017/support/Doc 13.JPG
018,inspection,done,Doc 4.JPG,C:/Users/acc/archive_project/project_root/data/wells/CaseFile_018/inspection/Doc 4.JPG
018,licenses,done,Doc 2.JPG,C:/Users/acc/archive_project/project_root/data/wells/CaseFile_018/licenses/Doc 2.JPG
018,licenses,done,Doc 3.JPG,C:/Users/acc/archive_project/project_root/data/wells/CaseFile_018/licenses/Doc 3.JPG
018,licenses,done,Doc 5.JPG,C:/Users/acc/archive_project/project_root/data/wells/CaseFile_018/licenses/Doc 5.JPG
018,support,done,Doc 8.JPG,C:/Users/acc/archive_project/project_root/data/wells/CaseFile_018/support/Doc 8.JPG
019,inspection,done,Doc 4.JPG,C:/Users/acc/archive_project/project_root/data/wells/CaseFile_019/inspection/Doc 4.JPG
019,inspection,done,Doc 5.JPG,C:/Users/acc/archive_project/project_root/data/wells/CaseFile_019/inspection/Doc 5.JPG
019,licenses,done,Doc 2.JPG,C:/Users/acc/archive_project/project_root/data/wells/CaseFile_019/licenses/Doc 2.JPG
019,licenses,done,Doc 3.JPG,C:/Users/acc/archive_project/project_root/data/wells/CaseFile_019/licenses/Doc 3.JPG
019,licenses,done,Doc 5.JPG,C:/Users/acc/archive_project/project_root/data/wells/CaseFile_019/licenses/Doc 5.JPG
019,support,done,Doc 8.JPG,C:/Users/acc/archive_project/project_root/data/wells/CaseFile_019/support/Doc 8.JPG
019,support,done,Doc 9.JPG,C:/Users/acc/archive_project/project_root/data/wells/CaseFile_019/support/Doc 9.JPG
020,estate,done,Doc 8.JPG,C:/Users/acc/archive_project/project_root/data/wells/CaseFile_020/estate/Doc 8.JPG
020,inspection,done,Doc 6.JPG,C:/Users/acc/archive_project/project_root/data/wells/CaseFile_020/inspection/Doc 6.JPG
020,licenses,done,Doc 2.JPG,C:/Users/acc/archive_project/project_root/data/wells/CaseFile_020/licenses/Doc 2.JPG
020,licenses,done,Doc 3.JPG,C:/Users/acc/archive_project/project_root/data/wells/CaseFile_020/licenses/Doc 3.JPG
020,licenses,done,Doc 4.JPG,C:/Users/acc/archive_project/project_root/data/wells/CaseFile_020/licenses/Doc 4.JPG
021,estate,done,Doc 7.JPG,C:/Users/acc/archive_project/project_root/data/wells/CaseFile_021/estate/Doc 7.JPG
021,inspection,done,Doc 3.JPG,C:/Users/acc/archive_project/project_root/data/wells/CaseFile_021/inspection/Doc 3.JPG
021,licenses,done,Doc 1.JPG,C:/Users/acc/archive_project/project_root/data/wells/CaseFile_021/licenses/Doc 1.JPG
021,licenses,done,Doc 2.JPG,C:/Users/acc/archive_project/project_root/data/wells/CaseFile_021/licenses/Doc 2.JPG
021,support,done,Doc 8.JPG,C:/Users/acc/archive_project/project_root/data/wells/CaseFile_021/support/Doc 8.JPG
022,estate,done,Doc 1.JPG,C:/Users/acc/archive_project/project_root/data/wells/CaseFile_022/estate/Doc 1.JPG
022,inspection,done,Doc 4.JPG,C:/Users/acc/archive_project/project_root/data/wells/CaseFile_022/inspection/Doc 4.JPG
022,inspection,done,Doc 7.JPG,C:/Users/acc/archive_project/project_root/data/wells/CaseFile_022/inspection/Doc 7.JPG
022,licenses,done,Doc 2.JPG,C:/Users/acc/archive_project/project_root/data/wells/CaseFile_022/licenses/Doc 2.JPG
022,licenses,done,Doc 3.JPG,C:/Users/acc/archive_project/project_root/data/wells/CaseFile_022/licenses/Doc 3.JPG
022,licenses,done,Doc 5.JPG,C:/Users/acc/archive_project/project_root/data/wells/CaseFile_022/licenses/Doc 5.JPG
022,licenses,done,Doc 6.JPG,C:/Users/acc/archive_project/project_root/data/wells/CaseFile_022/licenses/Doc 6.JPG
022,support,done,Doc 1.JPG,C:/Users/acc/archive_project/project_root/data/wells/CaseFile_022/support/Doc 1.JPG
023,estate,done,Doc 8.JPG,C:/Users/acc/archive_project/project_root/data/wells/CaseFile_023/estate/Doc 8.JPG
023,estate,done,Doc 9.JPG,C:/Users/acc/archive_project/project_root/data/wells/CaseFile_023/estate/Doc 9.JPG
023,inspection,done,Doc 5.JPG,C:/Users/acc/archive_project/project_root/data/wells/CaseFile_023/inspection/Doc 5.JPG
023,licenses,done,Doc 3.JPG,C:/Users/acc/archive_project/project_root/data/wells/CaseFile_023/licenses/Doc 3.JPG
023,licenses,done,Doc 4.JPG,C:/Users/acc/archive_project/project_root/data/wells/CaseFile_023/licenses/Doc 4.JPG
023,support,done,Doc 1.JPG,C:/Users/acc/archive_project/project_root/data/wells/CaseFile_023/support/Doc 1.JPG
023,support,done,Doc 11.JPG,C:/Users/acc/archive_project/project_root/data/wells/CaseFile_023/support/Doc 11.JPG
024,estate,done,Doc 5.JPG,C:/Users/acc/archive_project/project_root/data/wells/CaseFile_024/estate/Doc 5.JPG
024,inspection,done,Doc 25.JPG,C:/Users/acc/archive_project/project_root/data/wells/CaseFile_024/inspection/Doc 25.JPG
024,licenses,done,Doc 18.JPG,C:/Users/acc/archive_project/project_root/data/wells/CaseFile_024/licenses/Doc 18.JPG
024,licenses,done,Doc 19.JPG,C:/Users/acc/archive_project/project_root/data/wells/CaseFile_024/licenses/Doc 19.JPG
024,support,done,Doc 13.JPG,C:/Users/acc/archive_project/project_root/data/wells/CaseFile_024/support/Doc 13.JPG
024,support,done,Doc 2.JPG,C:/Users/acc/archive_project/project_root/data/wells/CaseFile_024/support/Doc 2.JPG
025,estate,done,Doc 13.JPG,C:/Users/acc/archive_project/project_root/data/wells/CaseFile_025/estate/Doc 13.JPG
025,inspection,done,Doc 5.JPG,C:/Users/acc/archive_project/project_root/data/wells/CaseFile_025/inspection/Doc 5.JPG
025,licenses,done,Doc 10.JPG,C:/Users/acc/archive_project/project_root/data/wells/CaseFile_025/licenses/Doc 10.JPG
025,licenses,done,Doc 6.JPG,C:/Users/acc/archive_project/project_root/data/wells/CaseFile_025/licenses/Doc 6.JPG
025,licenses,done,Doc 7.JPG,C:/Users/acc/archive_project/project_root/data/wells/CaseFile_025/licenses/Doc 7.JPG
025,support,done,Doc 12.JPG,C:/Users/acc/archive_project/project_root/data/wells/CaseFile_025/support/Doc 12.JPG
