document_id,domain_id,domain_title,record_number,index_id,index_name,document_name,ocr_text,emb,z,combined
59,6,الديوان,1,15,output_doc,Doc 3.JPG,"وزارة الري
عن كاري رم نر

إن مديز الموارذ المائية في محافظة طرطوس
بناء حلى أحكام القانون رقم /17/ لعام ‎١787‏
‏وعلى أحكاء القانون الأساسي للعاملين في الدولة رقم /20/ لعام 204
وعلى المريوم التشريحي رقم ‎٠‏ تاريخ 14 كر ف..؟
وعلى القرار رقم //1747/ تاريخ ‎٠‏
‏ا لا أ
وعلى متطلبات العمل
يار ما يلي

مادة ‎:/١/‏ يكلف مهندس مهران عمران بالمناوبة في مقر مديرية الموارد المائية بطرطوس يوم الأحد الواقع في 017/16/74

حي قدا الهم القالي

مدا : يبل هذا الم من يلزم لتنفيذه .
ماوروي1 يى لكر .)

مدير الموارد المائية بطر بس

ويد الى؛
بد المعاون الإداري
ب الجاهزية- شؤون العاملين

حب العاة","[0.4480465352535248, 2.0650227069854736, 1.1996334791183472, -0.6661490201950073, 1.3959718942642212, 0.5797973871231079, -0.8459555506706238, 0.06439099460840225, -0.13824769854545593, -1.1576396226882935, -0.314645916223526, -0.7230845093727112, -0.42150741815567017, 0.23043927550315857, -1.0594996213912964, 0.5311099886894226, 1.0388821363449097, 0.5097627639770508, 0.022278839722275734, 0.30305102467536926, 0.1780339479446411, -0.3650476634502411, -0.610258936882019, 0.7479393482208252, 0.0655263364315033, 0.13508592545986176, -0.2885960042476654, 0.4230915904045105, -0.10105819255113602, -0.28176140785217285, 0.5282705426216125, 1.5113126039505005, -0.7694580554962158, 0.7303080558776855, -1.0200847387313843, -0.22617879509925842, 0.5396783351898193, 0.6182628273963928, -0.9147893190383911, -1.4646034240722656, -0.5528134703636169, -1.9376112222671509, -0.5272151231765747, 0.1021876186132431, -0.9667508006095886, 0.09543587267398834, 0.13110561668872833, 0.8882907032966614, -0.6104843616485596, 0.6838775277137756, -0.44783568382263184, -0.6261370778083801, 0.6551948189735413, -0.04935471713542938, 1.1139675378799438, -0.09720206260681152, -0.056288942694664, -0.1724860817193985, -1.317995548248291, -0.31855669617652893, 0.436655730009079, -0.32746246457099915, -0.7056072950363159, -0.0249638631939888, 0.9436064958572388, -1.2937090396881104, 0.5186890959739685, -1.1482887268066406, -0.31362295150756836, 0.5663623809814453, 0.2242991030216217, 1.1067023277282715, 0.6376962661743164, 0.15211960673332214, 0.5189168453216553, 0.0666506364941597, -0.17923066020011902, 0.049694620072841644, -0.18507862091064453, 0.4813828766345978, 0.333259642124176, -0.07799655199050903, -0.5403628945350647, 0.04231947287917137, 0.819214403629303, -0.4236941933631897, -0.09477555751800537, 0.8384007811546326, 1.523970127105713, -0.33318257331848145, -0.2372974455356598, 0.5105065703392029, -0.9290474653244019, 1.0702266693115234, -0.3990883529186249, 0.24590440094470978, 0.023199427872896194, 0.002284139394760132, -0.7567701935768127, -0.12392330169677734, 0.8023805022239685, -0.16071462631225586, 0.6580452919006348, -0.2237444519996643, 0.2367984652519226, 0.6533234715461731, -1.0913276672363281, 1.2319862842559814, -0.03455770015716553, -6.674886703491211, 0.37226223945617676, -0.22249306738376617, -0.7338456511497498, -0.10751379281282425, -0.29758742451667786, 1.4120450019836426, 1.1046828031539917, -0.8671125769615173, -0.2848155200481415, 0.26241767406463623, 0.0791642963886261, -1.0547997951507568, -1.710665225982666, -0.2901212275028229, -1.3924264907836914, 0.684922993183136, -0.3386615812778473, -0.2700895071029663, 0.7222065329551697, 0.5661756992340088, 0.821131706237793, -0.1511627435684204, -0.14820411801338196, -0.7120157480239868, 0.9126278162002563, -0.3192584216594696, -0.013189584016799927, -1.005815029144287, 0.5149096846580505, 0.8513818383216858, -0.06873838603496552, -0.0973370224237442, -0.6180930137634277, -1.032793641090393, 0.5091603994369507, 0.6856511235237122, -0.790391743183136, -0.6209083199501038, 0.6679993867874146, 0.4015651345252991, 0.03611111640930176, -0.3727927803993225, -0.4582903981208801, -0.5712549090385437, 8.563302040100098, -0.004554186016321182, -0.37225228548049927, 0.31353119015693665, -0.2463821917772293, 1.1062835454940796, 0.5246939659118652, 1.11813485622406, -1.1081249713897705, 1.730316162109375, -0.6040143370628357, -0.75726318359375, -0.6589220762252808, -0.43131062388420105, -0.8812581896781921, 0.17602811753749847, -0.2685540020465851, 0.12189071625471115, 1.2326442003250122, 0.07692652940750122, -0.5238868594169617, 0.7582336664199829, -1.5353869199752808, -0.24252939224243164, -0.6024234294891357, -0.3446611762046814, -0.4764332175254822, -0.341564804315567, -0.3515639901161194, 1.557987928390503, -0.1816868782043457, -0.17534874379634857, 0.141437828540802, -0.15088503062725067, 0.11273884773254395, 0.2712319493293762, -0.1678057610988617, 0.5123264789581299, 0.6093012094497681, 0.33367598056793213, -0.4738880395889282, -0.7944400310516357, -0.994215190410614, -0.45838993787765503, 0.4166497588157654, -0.8200856447219849, 0.07877420634031296, 0.0026134252548217773, -0.10517236590385437, -0.23227274417877197, 0.7453190684318542, -0.07555043697357178, -1.1832257509231567, -0.1664048433303833, 0.7678676843643188, -1.5689609050750732, -0.582252562046051, -0.5696382522583008, -1.5713095664978027, 0.08777376264333725, -1.0413289070129395, -0.2520531713962555, 0.09360839426517487, 0.5917158126831055, -0.4868171811103821, -0.8409584760665894, 1.3958418369293213, 0.7309160828590393, 0.48496559262275696, 0.55054771900177, 1.4743428230285645, -0.5444149971008301, 0.33674243092536926, 1.034745216369629, -0.17814430594444275, -0.4289747476577759, 0.17713722586631775, -0.23890455067157745, 1.061729073524475, 0.7919852137565613, 0.4268372058868408, 0.1801399290561676, -0.6991257667541504, 1.2878717184066772, -0.8615835905075073, 0.27596592903137207, -0.0046216268092393875, 0.9735262393951416, -0.7223919630050659, -1.110059142112732, -0.2393360733985901, 0.597967267036438, 0.30821263790130615, -1.5515518188476562, -0.7991259694099426, 0.08546887338161469, 1.6478803157806396, -0.825386643409729, -0.7580534219741821, -0.1159059926867485, -1.39934241771698, 0.22756177186965942, -0.11041910201311111, -0.9206101894378662, 0.19562441110610962, 0.8779827952384949, -0.18711815774440765, -0.2669130563735962, -0.8140504360198975, -0.06081290543079376, 0.3360026776790619, 0.6297699213027954, -0.2094278782606125, -0.6301546096801758, -1.80720055103302, 0.025033947080373764, -0.224622905254364, 0.19268763065338135, 0.08865727484226227, 1.9963029623031616, -1.8437533378601074, -1.380928635597229, 0.5649158954620361, -0.0013667531311511993, 0.3671773672103882, 0.46980324387550354, -0.5032687187194824, 0.1234670877456665, -0.26439130306243896, 0.8989255428314209, 0.8978589177131653, -0.25725746154785156, -0.14923715591430664, -0.4599900245666504, -0.23771268129348755, -1.0585715770721436, -0.19135969877243042, -0.2978709042072296, -0.28172174096107483, -0.8061750531196594, -0.9755429029464722, -0.6549663543701172, 1.1933172941207886, -0.537266731262207, 0.24982601404190063, 0.06618098169565201, -0.44037097692489624, -0.7607632279396057, 0.04511469602584839, 0.8041499853134155, 0.8503726720809937, -0.3591691255569458, 0.43346258997917175, -1.2963244915008545, 0.32363295555114746, -0.7631148099899292, -0.711769700050354, -1.3546496629714966, -1.4452197551727295, 3.8165130615234375, -0.8444969058036804, 0.5961040258407593, -1.040689468383789, 0.37557730078697205, 0.6491148471832275, -0.3401016592979431, -0.452607661485672, -0.6295104622840881, 0.36934664845466614, -0.20136399567127228, 0.9459978342056274, -0.7313569188117981, 0.3953430652618408, -0.7312382459640503, 0.14600159227848053, 0.2909322679042816, 0.6873264908790588, 1.1279398202896118, 0.5567479729652405, -0.9322614669799805, 1.0821115970611572, -0.158277690410614, -0.16200050711631775, -0.6472445726394653, -0.0032228268682956696, 0.5405771136283875, -0.546100914478302, -0.6108423471450806, 0.6901220083236694, -0.7075409889221191, -0.4085933566093445, 1.1629645824432373, -0.4259742498397827, -1.3241736888885498, 0.25855880975723267, 0.13803806900978088, -0.5174650549888611, -1.5168862342834473, -0.544167160987854, 0.1415262669324875, -0.6977154612541199, -0.0011845827102661133, -0.23947645723819733, 0.6938279867172241, 1.4911788702011108, -0.41498804092407227, -0.5318573117256165, 1.5445225238800049, -0.8040209412574768, 0.09795710444450378, 0.5986778140068054, 0.22585716843605042, 0.3977842926979065, 1.2641208171844482, -0.5322861671447754, -0.9294339418411255, -0.7903502583503723, 0.4512920081615448, 0.6539701223373413, 0.13978873193264008, -0.2364816665649414, 1.0060218572616577, -0.14474287629127502, -1.2609837055206299, 0.9037871360778809, -0.5524201393127441, 0.12293732911348343, 0.37266185879707336, -0.5359657406806946, 0.7484515905380249, 0.30394595861434937, -1.3759652376174927, 1.5578830242156982, 0.7325390577316284, -0.8354573249816895, 0.9275087714195251, 0.9091150760650635, -0.4020208716392517, -0.36640283465385437, -1.2795621156692505, -1.1618363857269287, 0.4851539134979248, -1.0892341136932373, -0.5976424217224121, -0.32666903734207153, 1.0686558485031128, 0.03626881539821625, 0.8966359496116638, -0.9212493300437927, 0.7876036167144775, 0.5540552735328674, -0.8311638236045837, -1.3405205011367798, -0.36999255418777466, 0.315123051404953, 0.11446087062358856, 1.5159045457839966, 0.402324914932251, -0.7959331274032593, -0.2528136372566223, 1.296759843826294, -0.8809004426002502, -0.0021615540608763695, 1.074784517288208, 0.48332464694976807, 0.4938671886920929, -0.30585503578186035, 0.883782684803009, -0.34585511684417725, 0.13286611437797546, 0.5658237934112549, -0.30969923734664917, -0.08679167926311493, 0.02735666185617447, 0.5742015838623047, -0.5000655055046082, -0.15037143230438232, -0.03781110793352127, -1.3578029870986938, 0.20702151954174042, 0.16962185502052307, -0.6085246801376343, -0.09351339936256409, 0.39589813351631165, -2.1832454204559326, -1.190130352973938, 0.1905081421136856, 1.0979743003845215, 0.5573663115501404, -0.2629418671131134, 0.33337095379829407, 0.36295926570892334, -0.5322405695915222, -0.7202533483505249, 0.301996648311615, 1.517390251159668, -0.018369704484939575, -0.3925066590309143, 0.17363694310188293, -1.1141448020935059, 0.07762818783521652, -1.41512131690979, -0.8406254053115845, 0.18661898374557495, -0.20009714365005493, -0.06307705491781235, 1.6057168245315552, -0.9528342485427856, 1.163491129875183, 1.4696558713912964, -0.23446491360664368, 0.3117632269859314, 0.43347740173339844, -1.0322966575622559, -1.2961169481277466, -0.2090834081172943, -0.32008007168769836, 0.8713170289993286, 0.617743730545044, -0.5890687108039856, 0.9850713610649109, 0.3554345965385437, -0.7085152268409729, -1.1950201988220215, 0.2263944000005722, -1.1739606857299805, -1.0659996271133423, -0.807896614074707, 0.38937854766845703, -1.0809212923049927, 0.015670225024223328, -0.4783179461956024, 0.814961850643158, -0.4653913974761963, 1.0002456903457642, 0.8538084626197815, 0.6396644711494446, -0.892988920211792, -0.33717888593673706, -0.7831475734710693, -0.3288608193397522, 0.38919147849082947, 1.2884114980697632, -0.5857179164886475, -0.5867534875869751, 0.784814178943634, -0.09413887560367584, 0.34681448340415955, -0.5455989241600037, 0.0736437663435936, 0.22778254747390747, 1.754043698310852, -0.5965198874473572, -1.2349923849105835, 0.2577243149280548, -0.1360650360584259, -0.5239449143409729, -0.4779619574546814, -0.38398995995521545, -0.385857492685318, 0.3038654327392578, 0.0387730598449707, 0.09985190629959106, -0.20778270065784454, -0.24163542687892914, -0.5498902201652527, -1.7416770458221436, -0.8106013536453247, -1.101651668548584, -0.8724527955055237, 1.5244908332824707, -0.03707319498062134, 0.2505423128604889, -0.39149463176727295, 0.14676539599895477, -0.20799198746681213, 0.04169900342822075, 0.3845011293888092, -0.01949787139892578, -0.433998703956604, 0.1242121234536171, -0.6068359613418579, 0.3546042740345001, -0.5907554626464844, -0.721088171005249, 1.8556675910949707, -0.5274186134338379, 0.7828481197357178, -1.173141360282898, 0.544479250907898, -0.3278316855430603, -0.2033076286315918, -1.1236703395843506, -0.18924479186534882, -0.12534376978874207, 0.31628990173339844, -0.14084947109222412, -1.3406656980514526, -0.9545560479164124, -0.15728759765625, -1.1355788707733154, 0.03832527622580528, 0.9489336609840393, -0.14364801347255707, 0.6720676422119141, 0.046315692365169525, 0.5082191228866577, 0.2573842704296112, -0.0787818431854248, -0.12500309944152832, -0.1656646728515625, 1.0912854671478271, -1.6752400398254395, 0.3530338704586029, 0.6048452854156494, 0.000852927565574646, 1.2799570560455322, 0.26162946224212646, 0.8888055682182312, 1.46599543094635, 1.6429303884506226, 0.9461364150047302, -1.6239328384399414, 0.21868430078029633, 0.146275132894516, -1.085508108139038, -0.7854152321815491, 0.7493185997009277, 0.6933274865150452, 1.1611014604568481, -0.1837548017501831, 0.647240936756134, 0.41291648149490356, -0.5330349206924438, 0.2080014944076538, -0.45217496156692505, 1.1359124183654785, -0.7635801434516907, -0.47646084427833557, 1.3014417886734009, -0.3596556782722473, 0.5856055021286011, 0.7486380934715271, 0.3863118290901184, -1.4062362909317017, 0.6156055927276611, 0.8387877941131592, -0.6051033139228821, -0.4851122498512268, -1.1022441387176514, 0.21632184088230133, -0.6522440314292908, -0.08690312504768372, -1.1737700700759888, 0.3159679174423218, -0.059854768216609955, -0.48263418674468994, -0.4983867108821869, -1.2387577295303345, -0.20318084955215454, 0.5110899806022644, 0.5850890278816223, -0.8001140356063843, -0.2191624492406845, 0.5356165766716003, 0.6519166231155396, -0.24099430441856384, 0.6286128163337708, 0.42151740193367004, 0.7448018193244934, -0.36061134934425354, 0.09064474701881409, 0.13650910556316376, -0.7315914630889893, -0.5390302538871765, -0.012996949255466461, -0.672033965587616, -0.7964898347854614, -0.2269812971353531, -0.787885844707489, -1.7441737651824951, -0.02008015289902687, -2.3724284172058105, -0.12663766741752625, -0.6142913103103638, -0.45461633801460266, 1.1048206090927124, 0.017768116667866707, 0.11818945407867432, 0.05203762650489807, -0.8912068009376526, 0.023042768239974976, 0.9964627027511597, -1.1787199974060059, -0.4437205195426941, -0.7405490875244141, -0.14140984416007996, -0.19065268337726593, -0.14945413172245026, 0.3392084836959839, -0.38008958101272583, -0.2883284091949463, 0.0642823576927185, -1.7731695175170898, 0.3923225998878479, 0.5177868008613586, 0.002335280179977417, -1.6703593730926514, -0.08682829141616821, -0.06880193203687668, -0.1288881003856659, -0.20864814519882202, 0.05797755718231201, 0.717383861541748, -0.5639302730560303, -0.8629197478294373, 0.47080373764038086, 0.8594188690185547, -0.5836871862411499, 0.196297287940979, 1.2431116104125977, -0.18431106209754944, -1.1349812746047974, -1.5652270317077637, -0.2786897122859955, -1.075873851776123, 0.7827333807945251, 0.9644293785095215, 0.7612963318824768, 0.7152896523475647, 0.284789502620697, 1.8380578756332397, 0.5725032687187195, -0.4534171521663666, 0.3081930875778198, -0.3723430633544922, 0.3073092997074127, 0.08475635945796967, -0.5301557183265686, 0.8424655795097351, -0.22641532123088837, -0.5091068148612976, 0.7783666849136353, -0.3978077173233032, -1.0695303678512573, 0.03515195846557617, 1.6107555627822876, -0.20245341956615448, -0.5319613814353943, 0.2556782364845276, 0.3707064390182495, -0.09114709496498108, -0.5529354810714722, 0.6054106950759888, -0.4609094262123108, 1.0857652425765991, 0.7712204456329346, -0.2012660950422287, 0.15919218957424164, -0.22200347483158112, -0.6300985813140869, -0.33881330490112305, -1.5348572731018066, -0.7214760184288025, -0.28563088178634644, 0.6681557297706604, 0.5947916507720947, 0.6752665042877197, -0.14722928404808044, -0.2970336675643921, -0.393623411655426, -0.5323834419250488, -0.5694732666015625, 0.5860834717750549, -0.35241448879241943, -0.1399938017129898, -0.9298563599586487, -0.8403515815734863, -0.2922385036945343, 0.3252394199371338, -1.3516308069229126, 0.14674770832061768, -0.481519877910614, 0.35276275873184204, 0.061287879943847656, 0.19245004653930664, 0.41499054431915283, 0.17351987957954407, 0.9982338547706604, -0.5259814858436584, 1.084824800491333, -0.1918616145849228, -1.8888332843780518, -1.7551571130752563, -0.5389208793640137, 1.0375735759735107, -0.5935246348381042, 0.5272241234779358, -0.13681478798389435, 0.06372332572937012, -0.5051634907722473, 0.06440383195877075, -0.2802269160747528, -1.2460532188415527, 0.9550741314888, 0.3585878610610962, -0.16277003288269043, -0.2393554002046585, 0.4644353985786438, 0.5206528306007385, 0.10677507519721985, 0.6827366352081299, 0.777938187122345, -1.408799648284912]","[0.7098742723464966, 1.778424620628357, 2.692526340484619, -1.2997421026229858, 3.2030858993530273, 2.374460458755493, -1.194807767868042, -0.8431132435798645, -2.0406336784362793, 0.6760440468788147, 1.355758547782898, -1.3865305185317993, -1.1363365650177002, -3.167015790939331, -0.935846209526062, -1.0401736497879028, 0.09493653476238251, -3.2174994945526123, 0.0665130466222763, 1.563645601272583, -0.15348273515701294, 1.4621974229812622, 2.2644670009613037, -2.9796953201293945, -3.241516351699829, -1.4098241329193115, -0.6202758550643921, 3.803194522857666, 0.566860556602478, 0.4929308593273163, -2.52057147026062, -0.629389762878418, -0.38586950302124023, 0.4912128150463104, 1.8144806623458862, -0.27620798349380493, -2.0873217582702637, -0.46887075901031494, -0.7452009320259094, 0.6762228012084961, -1.2216877937316895, -1.3075331449508667, -1.024102807044983, -0.11416131258010864, 1.7331233024597168, -0.5150209069252014, -1.7441648244857788, -0.05851282924413681, -2.324408769607544, 1.8544411659240723, 2.703925132751465, -0.47620689868927, -1.6730962991714478, -2.1388988494873047, 1.1708794832229614, 0.6270105838775635, -1.592167615890503, -0.7529087066650391, 0.8498528003692627, -2.146489143371582, -1.1626651287078857, -2.98909854888916, 0.2158166617155075, -1.4266343116760254, 1.0523487329483032, 0.0680650994181633, -2.4757816791534424, 0.4911734461784363, -1.8168727159500122, -3.206691265106201, 0.7451747059822083, -0.5475738048553467, 0.09166717529296875, 0.6118565797805786, -0.5115480422973633, -0.015957895666360855, -0.1306641697883606, -2.2224674224853516, -0.44738438725471497, -1.7788575887680054, 1.3061188459396362, 0.39902153611183167, 1.9219685792922974, -3.640109062194824, 2.3753015995025635, 4.567181587219238, 2.066895008087158, 1.9712178707122803, -2.4326863288879395, 0.5730574727058411, -0.9892275333404541, 0.9748368263244629, 2.8075168132781982, 2.5057430267333984, -1.35012948513031, -3.6092441082000732, -0.9615432620048523, 0.7676447629928589, -0.592609167098999, -0.8992401957511902, -1.0656455755233765, -1.9913181066513062, -4.1296257972717285, -3.3242194652557373, 0.5181556940078735, 3.4376399517059326, -1.4336309432983398, 2.4310836791992188, -1.6698075532913208, 0.32416656613349915, 4.161449909210205, -2.183140993118286, 2.89090895652771, -3.8320388793945312, 3.0221688747406006, 0.3239932656288147, -2.8924896717071533, -0.0676165297627449, 1.1076256036758423, 3.219160318374634, 2.5365846157073975, 3.143523931503296, 1.5805833339691162, -0.7971090078353882, -1.248443603515625, -1.4193521738052368, 2.6618053913116455, -1.294843077659607]","[0.4480465352535248, 2.0650227069854736, 1.1996334791183472, -0.6661490201950073, 1.3959718942642212, 0.5797973871231079, -0.8459555506706238, 0.06439099460840225, -0.13824769854545593, -1.1576396226882935, -0.314645916223526, -0.7230845093727112, -0.42150741815567017, 0.23043927550315857, -1.0594996213912964, 0.5311099886894226, 1.0388821363449097, 0.5097627639770508, 0.022278839722275734, 0.30305102467536926, 0.1780339479446411, -0.3650476634502411, -0.610258936882019, 0.7479393482208252, 0.0655263364315033, 0.13508592545986176, -0.2885960042476654, 0.4230915904045105, -0.10105819255113602, -0.28176140785217285, 0.5282705426216125, 1.5113126039505005, -0.7694580554962158, 0.7303080558776855, -1.0200847387313843, -0.22617879509925842, 0.5396783351898193, 0.6182628273963928, -0.9147893190383911, -1.4646034240722656, -0.5528134703636169, -1.9376112222671509, -0.5272151231765747, 0.1021876186132431, -0.9667508006095886, 0.09543587267398834, 0.13110561668872833, 0.8882907032966614, -0.6104843616485596, 0.6838775277137756, -0.44783568382263184, -0.6261370778083801, 0.6551948189735413, -0.04935471713542938, 1.1139675378799438, -0.09720206260681152, -0.056288942694664, -0.1724860817193985, -1.317995548248291, -0.31855669617652893, 0.436655730009079, -0.32746246457099915, -0.7056072950363159, -0.0249638631939888, 0.9436064958572388, -1.2937090396881104, 0.5186890959739685, -1.1482887268066406, -0.31362295150756836, 0.5663623809814453, 0.2242991030216217, 1.1067023277282715, 0.6376962661743164, 0.15211960673332214, 0.5189168453216553, 0.0666506364941597, -0.17923066020011902, 0.049694620072841644, -0.18507862091064453, 0.4813828766345978, 0.333259642124176, -0.07799655199050903, -0.5403628945350647, 0.04231947287917137, 0.819214403629303, -0.4236941933631897, -0.09477555751800537, 0.8384007811546326, 1.523970127105713, -0.33318257331848145, -0.2372974455356598, 0.5105065703392029, -0.9290474653244019, 1.0702266693115234, -0.3990883529186249, 0.24590440094470978, 0.023199427872896194, 0.002284139394760132, -0.7567701935768127, -0.12392330169677734, 0.8023805022239685, -0.16071462631225586, 0.6580452919006348, -0.2237444519996643, 0.2367984652519226, 0.6533234715461731, -1.0913276672363281, 1.2319862842559814, -0.03455770015716553, -6.674886703491211, 0.37226223945617676, -0.22249306738376617, -0.7338456511497498, -0.10751379281282425, -0.29758742451667786, 1.4120450019836426, 1.1046828031539917, -0.8671125769615173, -0.2848155200481415, 0.26241767406463623, 0.0791642963886261, -1.0547997951507568, -1.710665225982666, -0.2901212275028229, -1.3924264907836914, 0.684922993183136, -0.3386615812778473, -0.2700895071029663, 0.7222065329551697, 0.5661756992340088, 0.821131706237793, -0.1511627435684204, -0.14820411801338196, -0.7120157480239868, 0.9126278162002563, -0.3192584216594696, -0.013189584016799927, -1.005815029144287, 0.5149096846580505, 0.8513818383216858, -0.06873838603496552, -0.0973370224237442, -0.6180930137634277, -1.032793641090393, 0.5091603994369507, 0.6856511235237122, -0.790391743183136, -0.6209083199501038, 0.6679993867874146, 0.4015651345252991, 0.03611111640930176, -0.3727927803993225, -0.4582903981208801, -0.5712549090385437, 8.563302040100098, -0.004554186016321182, -0.37225228548049927, 0.31353119015693665, -0.2463821917772293, 1.1062835454940796, 0.5246939659118652, 1.11813485622406, -1.1081249713897705, 1.730316162109375, -0.6040143370628357, -0.75726318359375, -0.6589220762252808, -0.43131062388420105, -0.8812581896781921, 0.17602811753749847, -0.2685540020465851, 0.12189071625471115, 1.2326442003250122, 0.07692652940750122, -0.5238868594169617, 0.7582336664199829, -1.5353869199752808, -0.24252939224243164, -0.6024234294891357, -0.3446611762046814, -0.4764332175254822, -0.341564804315567, -0.3515639901161194, 1.557987928390503, -0.1816868782043457, -0.17534874379634857, 0.141437828540802, -0.15088503062725067, 0.11273884773254395, 0.2712319493293762, -0.1678057610988617, 0.5123264789581299, 0.6093012094497681, 0.33367598056793213, -0.4738880395889282, -0.7944400310516357, -0.994215190410614, -0.45838993787765503, 0.4166497588157654, -0.8200856447219849, 0.07877420634031296, 0.0026134252548217773, -0.10517236590385437, -0.23227274417877197, 0.7453190684318542, -0.07555043697357178, -1.1832257509231567, -0.1664048433303833, 0.7678676843643188, -1.5689609050750732, -0.582252562046051, -0.5696382522583008, -1.5713095664978027, 0.08777376264333725, -1.0413289070129395, -0.2520531713962555, 0.09360839426517487, 0.5917158126831055, -0.4868171811103821, -0.8409584760665894, 1.3958418369293213, 0.7309160828590393, 0.48496559262275696, 0.55054771900177, 1.4743428230285645, -0.5444149971008301, 0.33674243092536926, 1.034745216369629, -0.17814430594444275, -0.4289747476577759, 0.17713722586631775, -0.23890455067157745, 1.061729073524475, 0.7919852137565613, 0.4268372058868408, 0.1801399290561676, -0.6991257667541504, 1.2878717184066772, -0.8615835905075073, 0.27596592903137207, -0.0046216268092393875, 0.9735262393951416, -0.7223919630050659, -1.110059142112732, -0.2393360733985901, 0.597967267036438, 0.30821263790130615, -1.5515518188476562, -0.7991259694099426, 0.08546887338161469, 1.6478803157806396, -0.825386643409729, -0.7580534219741821, -0.1159059926867485, -1.39934241771698, 0.22756177186965942, -0.11041910201311111, -0.9206101894378662, 0.19562441110610962, 0.8779827952384949, -0.18711815774440765, -0.2669130563735962, -0.8140504360198975, -0.06081290543079376, 0.3360026776790619, 0.6297699213027954, -0.2094278782606125, -0.6301546096801758, -1.80720055103302, 0.025033947080373764, -0.224622905254364, 0.19268763065338135, 0.08865727484226227, 1.9963029623031616, -1.8437533378601074, -1.380928635597229, 0.5649158954620361, -0.0013667531311511993, 0.3671773672103882, 0.46980324387550354, -0.5032687187194824, 0.1234670877456665, -0.26439130306243896, 0.8989255428314209, 0.8978589177131653, -0.25725746154785156, -0.14923715591430664, -0.4599900245666504, -0.23771268129348755, -1.0585715770721436, -0.19135969877243042, -0.2978709042072296, -0.28172174096107483, -0.8061750531196594, -0.9755429029464722, -0.6549663543701172, 1.1933172941207886, -0.537266731262207, 0.24982601404190063, 0.06618098169565201, -0.44037097692489624, -0.7607632279396057, 0.04511469602584839, 0.8041499853134155, 0.8503726720809937, -0.3591691255569458, 0.43346258997917175, -1.2963244915008545, 0.32363295555114746, -0.7631148099899292, -0.711769700050354, -1.3546496629714966, -1.4452197551727295, 3.8165130615234375, -0.8444969058036804, 0.5961040258407593, -1.040689468383789, 0.37557730078697205, 0.6491148471832275, -0.3401016592979431, -0.452607661485672, -0.6295104622840881, 0.36934664845466614, -0.20136399567127228, 0.9459978342056274, -0.7313569188117981, 0.3953430652618408, -0.7312382459640503, 0.14600159227848053, 0.2909322679042816, 0.6873264908790588, 1.1279398202896118, 0.5567479729652405, -0.9322614669799805, 1.0821115970611572, -0.158277690410614, -0.16200050711631775, -0.6472445726394653, -0.0032228268682956696, 0.5405771136283875, -0.546100914478302, -0.6108423471450806, 0.6901220083236694, -0.7075409889221191, -0.4085933566093445, 1.1629645824432373, -0.4259742498397827, -1.3241736888885498, 0.25855880975723267, 0.13803806900978088, -0.5174650549888611, -1.5168862342834473, -0.544167160987854, 0.1415262669324875, -0.6977154612541199, -0.0011845827102661133, -0.23947645723819733, 0.6938279867172241, 1.4911788702011108, -0.41498804092407227, -0.5318573117256165, 1.5445225238800049, -0.8040209412574768, 0.09795710444450378, 0.5986778140068054, 0.22585716843605042, 0.3977842926979065, 1.2641208171844482, -0.5322861671447754, -0.9294339418411255, -0.7903502583503723, 0.4512920081615448, 0.6539701223373413, 0.13978873193264008, -0.2364816665649414, 1.0060218572616577, -0.14474287629127502, -1.2609837055206299, 0.9037871360778809, -0.5524201393127441, 0.12293732911348343, 0.37266185879707336, -0.5359657406806946, 0.7484515905380249, 0.30394595861434937, -1.3759652376174927, 1.5578830242156982, 0.7325390577316284, -0.8354573249816895, 0.9275087714195251, 0.9091150760650635, -0.4020208716392517, -0.36640283465385437, -1.2795621156692505, -1.1618363857269287, 0.4851539134979248, -1.0892341136932373, -0.5976424217224121, -0.32666903734207153, 1.0686558485031128, 0.03626881539821625, 0.8966359496116638, -0.9212493300437927, 0.7876036167144775, 0.5540552735328674, -0.8311638236045837, -1.3405205011367798, -0.36999255418777466, 0.315123051404953, 0.11446087062358856, 1.5159045457839966, 0.402324914932251, -0.7959331274032593, -0.2528136372566223, 1.296759843826294, -0.8809004426002502, -0.0021615540608763695, 1.074784517288208, 0.48332464694976807, 0.4938671886920929, -0.30585503578186035, 0.883782684803009, -0.34585511684417725, 0.13286611437797546, 0.5658237934112549, -0.30969923734664917, -0.08679167926311493, 0.02735666185617447, 0.5742015838623047, -0.5000655055046082, -0.15037143230438232, -0.03781110793352127, -1.3578029870986938, 0.20702151954174042, 0.16962185502052307, -0.6085246801376343, -0.09351339936256409, 0.39589813351631165, -2.1832454204559326, -1.190130352973938, 0.1905081421136856, 1.0979743003845215, 0.5573663115501404, -0.2629418671131134, 0.33337095379829407, 0.36295926570892334, -0.5322405695915222, -0.7202533483505249, 0.301996648311615, 1.517390251159668, -0.018369704484939575, -0.3925066590309143, 0.17363694310188293, -1.1141448020935059, 0.07762818783521652, -1.41512131690979, -0.8406254053115845, 0.18661898374557495, -0.20009714365005493, -0.06307705491781235, 1.6057168245315552, -0.9528342485427856, 1.163491129875183, 1.4696558713912964, -0.23446491360664368, 0.3117632269859314, 0.43347740173339844, -1.0322966575622559, -1.2961169481277466, -0.2090834081172943, -0.32008007168769836, 0.8713170289993286, 0.617743730545044, -0.5890687108039856, 0.9850713610649109, 0.3554345965385437, -0.7085152268409729, -1.1950201988220215, 0.2263944000005722, -1.1739606857299805, -1.0659996271133423, -0.807896614074707, 0.38937854766845703, -1.0809212923049927, 0.015670225024223328, -0.4783179461956024, 0.814961850643158, -0.4653913974761963, 1.0002456903457642, 0.8538084626197815, 0.6396644711494446, -0.892988920211792, -0.33717888593673706, -0.7831475734710693, -0.3288608193397522, 0.38919147849082947, 1.2884114980697632, -0.5857179164886475, -0.5867534875869751, 0.784814178943634, -0.09413887560367584, 0.34681448340415955, -0.5455989241600037, 0.0736437663435936, 0.22778254747390747, 1.754043698310852, -0.5965198874473572, -1.2349923849105835, 0.2577243149280548, -0.1360650360584259, -0.5239449143409729, -0.4779619574546814, -0.38398995995521545, -0.385857492685318, 0.3038654327392578, 0.0387730598449707, 0.09985190629959106, -0.20778270065784454, -0.24163542687892914, -0.5498902201652527, -1.7416770458221436, -0.8106013536453247, -1.101651668548584, -0.8724527955055237, 1.5244908332824707, -0.03707319498062134, 0.2505423128604889, -0.39149463176727295, 0.14676539599895477, -0.20799198746681213, 0.04169900342822075, 0.3845011293888092, -0.01949787139892578, -0.433998703956604, 0.1242121234536171, -0.6068359613418579, 0.3546042740345001, -0.5907554626464844, -0.721088171005249, 1.8556675910949707, -0.5274186134338379, 0.7828481197357178, -1.173141360282898, 0.544479250907898, -0.3278316855430603, -0.2033076286315918, -1.1236703395843506, -0.18924479186534882, -0.12534376978874207, 0.31628990173339844, -0.14084947109222412, -1.3406656980514526, -0.9545560479164124, -0.15728759765625, -1.1355788707733154, 0.03832527622580528, 0.9489336609840393, -0.14364801347255707, 0.6720676422119141, 0.046315692365169525, 0.5082191228866577, 0.2573842704296112, -0.0787818431854248, -0.12500309944152832, -0.1656646728515625, 1.0912854671478271, -1.6752400398254395, 0.3530338704586029, 0.6048452854156494, 0.000852927565574646, 1.2799570560455322, 0.26162946224212646, 0.8888055682182312, 1.46599543094635, 1.6429303884506226, 0.9461364150047302, -1.6239328384399414, 0.21868430078029633, 0.146275132894516, -1.085508108139038, -0.7854152321815491, 0.7493185997009277, 0.6933274865150452, 1.1611014604568481, -0.1837548017501831, 0.647240936756134, 0.41291648149490356, -0.5330349206924438, 0.2080014944076538, -0.45217496156692505, 1.1359124183654785, -0.7635801434516907, -0.47646084427833557, 1.3014417886734009, -0.3596556782722473, 0.5856055021286011, 0.7486380934715271, 0.3863118290901184, -1.4062362909317017, 0.6156055927276611, 0.8387877941131592, -0.6051033139228821, -0.4851122498512268, -1.1022441387176514, 0.21632184088230133, -0.6522440314292908, -0.08690312504768372, -1.1737700700759888, 0.3159679174423218, -0.059854768216609955, -0.48263418674468994, -0.4983867108821869, -1.2387577295303345, -0.20318084955215454, 0.5110899806022644, 0.5850890278816223, -0.8001140356063843, -0.2191624492406845, 0.5356165766716003, 0.6519166231155396, -0.24099430441856384, 0.6286128163337708, 0.42151740193367004, 0.7448018193244934, -0.36061134934425354, 0.09064474701881409, 0.13650910556316376, -0.7315914630889893, -0.5390302538871765, -0.012996949255466461, -0.672033965587616, -0.7964898347854614, -0.2269812971353531, -0.787885844707489, -1.7441737651824951, -0.02008015289902687, -2.3724284172058105, -0.12663766741752625, -0.6142913103103638, -0.45461633801460266, 1.1048206090927124, 0.017768116667866707, 0.11818945407867432, 0.05203762650489807, -0.8912068009376526, 0.023042768239974976, 0.9964627027511597, -1.1787199974060059, -0.4437205195426941, -0.7405490875244141, -0.14140984416007996, -0.19065268337726593, -0.14945413172245026, 0.3392084836959839, -0.38008958101272583, -0.2883284091949463, 0.0642823576927185, -1.7731695175170898, 0.3923225998878479, 0.5177868008613586, 0.002335280179977417, -1.6703593730926514, -0.08682829141616821, -0.06880193203687668, -0.1288881003856659, -0.20864814519882202, 0.05797755718231201, 0.717383861541748, -0.5639302730560303, -0.8629197478294373, 0.47080373764038086, 0.8594188690185547, -0.5836871862411499, 0.196297287940979, 1.2431116104125977, -0.18431106209754944, -1.1349812746047974, -1.5652270317077637, -0.2786897122859955, -1.075873851776123, 0.7827333807945251, 0.9644293785095215, 0.7612963318824768, 0.7152896523475647, 0.284789502620697, 1.8380578756332397, 0.5725032687187195, -0.4534171521663666, 0.3081930875778198, -0.3723430633544922, 0.3073092997074127, 0.08475635945796967, -0.5301557183265686, 0.8424655795097351, -0.22641532123088837, -0.5091068148612976, 0.7783666849136353, -0.3978077173233032, -1.0695303678512573, 0.03515195846557617, 1.6107555627822876, -0.20245341956615448, -0.5319613814353943, 0.2556782364845276, 0.3707064390182495, -0.09114709496498108, -0.5529354810714722, 0.6054106950759888, -0.4609094262123108, 1.0857652425765991, 0.7712204456329346, -0.2012660950422287, 0.15919218957424164, -0.22200347483158112, -0.6300985813140869, -0.33881330490112305, -1.5348572731018066, -0.7214760184288025, -0.28563088178634644, 0.6681557297706604, 0.5947916507720947, 0.6752665042877197, -0.14722928404808044, -0.2970336675643921, -0.393623411655426, -0.5323834419250488, -0.5694732666015625, 0.5860834717750549, -0.35241448879241943, -0.1399938017129898, -0.9298563599586487, -0.8403515815734863, -0.2922385036945343, 0.3252394199371338, -1.3516308069229126, 0.14674770832061768, -0.481519877910614, 0.35276275873184204, 0.061287879943847656, 0.19245004653930664, 0.41499054431915283, 0.17351987957954407, 0.9982338547706604, -0.5259814858436584, 1.084824800491333, -0.1918616145849228, -1.8888332843780518, -1.7551571130752563, -0.5389208793640137, 1.0375735759735107, -0.5935246348381042, 0.5272241234779358, -0.13681478798389435, 0.06372332572937012, -0.5051634907722473, 0.06440383195877075, -0.2802269160747528, -1.2460532188415527, 0.9550741314888, 0.3585878610610962, -0.16277003288269043, -0.2393554002046585, 0.4644353985786438, 0.5206528306007385, 0.10677507519721985, 0.6827366352081299, 0.777938187122345, -1.408799648284912, 0.7098742723464966, 1.778424620628357, 2.692526340484619, -1.2997421026229858, 3.2030858993530273, 2.374460458755493, -1.194807767868042, -0.8431132435798645, -2.0406336784362793, 0.6760440468788147, 1.355758547782898, -1.3865305185317993, -1.1363365650177002, -3.167015790939331, -0.935846209526062, -1.0401736497879028, 0.09493653476238251, -3.2174994945526123, 0.0665130466222763, 1.563645601272583, -0.15348273515701294, 1.4621974229812622, 2.2644670009613037, -2.9796953201293945, -3.241516351699829, -1.4098241329193115, -0.6202758550643921, 3.803194522857666, 0.566860556602478, 0.4929308593273163, -2.52057147026062, -0.629389762878418, -0.38586950302124023, 0.4912128150463104, 1.8144806623458862, -0.27620798349380493, -2.0873217582702637, -0.46887075901031494, -0.7452009320259094, 0.6762228012084961, -1.2216877937316895, -1.3075331449508667, -1.024102807044983, -0.11416131258010864, 1.7331233024597168, -0.5150209069252014, -1.7441648244857788, -0.05851282924413681, -2.324408769607544, 1.8544411659240723, 2.703925132751465, -0.47620689868927, -1.6730962991714478, -2.1388988494873047, 1.1708794832229614, 0.6270105838775635, -1.592167615890503, -0.7529087066650391, 0.8498528003692627, -2.146489143371582, -1.1626651287078857, -2.98909854888916, 0.2158166617155075, -1.4266343116760254, 1.0523487329483032, 0.0680650994181633, -2.4757816791534424, 0.4911734461784363, -1.8168727159500122, -3.206691265106201, 0.7451747059822083, -0.5475738048553467, 0.09166717529296875, 0.6118565797805786, -0.5115480422973633, -0.015957895666360855, -0.1306641697883606, -2.2224674224853516, -0.44738438725471497, -1.7788575887680054, 1.3061188459396362, 0.39902153611183167, 1.9219685792922974, -3.640109062194824, 2.3753015995025635, 4.567181587219238, 2.066895008087158, 1.9712178707122803, -2.4326863288879395, 0.5730574727058411, -0.9892275333404541, 0.9748368263244629, 2.8075168132781982, 2.5057430267333984, -1.35012948513031, -3.6092441082000732, -0.9615432620048523, 0.7676447629928589, -0.592609167098999, -0.8992401957511902, -1.0656455755233765, -1.9913181066513062, -4.1296257972717285, -3.3242194652557373, 0.5181556940078735, 3.4376399517059326, -1.4336309432983398, 2.4310836791992188, -1.6698075532913208, 0.32416656613349915, 4.161449909210205, -2.183140993118286, 2.89090895652771, -3.8320388793945312, 3.0221688747406006, 0.3239932656288147, -2.8924896717071533, -0.0676165297627449, 1.1076256036758423, 3.219160318374634, 2.5365846157073975, 3.143523931503296, 1.5805833339691162, -0.7971090078353882, -1.248443603515625, -1.4193521738052368, 2.6618053913116455, -1.294843077659607]"
